{
  "5-HT1A": {
    "pdb_id": "7E2Y",
    "center_x": 91.85390109890112,
    "center_y": 105.28247252747256,
    "center_z": 98.48601648351654,
    "size_x": 20.0,
    "size_y": 20.0,
    "size_z": 20.0
  },
  "5-HT1B": {
    "pdb_id": "6G79",
    "center_x": 95.56410000000001,
    "center_y": 53.422166666666676,
    "center_z": 64.4366,
    "size_x": 17.959999999999994,
    "size_y": 20.0,
    "size_z": 15.0
  },
  "5-HT1D": {
    "pdb_id": "7E32",
    "center_x": 87.19390243902438,
    "center_y": 119.99170731707319,
    "center_z": 100.97202439024389,
    "size_x": 20.0,
    "size_y": 18.822000000000003,
    "size_z": 20.0
  },
  "5-HT1F": {
    "pdb_id": "7EXD",
    "center_x": 126.7748148148148,
    "center_y": 134.58344444444444,
    "center_z": 120.88414814814814,
    "size_x": 19.805999999999997,
    "size_y": 17.900000000000006,
    "size_z": 17.26599999999999
  },
  "5-HT2A": {
    "pdb_id": "7RAN",
    "center_x": 151.607875,
    "center_y": 154.42275,
    "center_z": 131.65625,
    "size_x": 17.15299999999999,
    "size_y": 15.059000000000026,
    "size_z": 15.0
  },
  "5-HT2B": {
    "pdb_id": "7SRQ",
    "center_x": 154.8559210526316,
    "center_y": 152.9697631578947,
    "center_z": 163.69271052631584,
    "size_x": 20.0,
    "size_y": 20.0,
    "size_z": 20.0
  },
  "5-HT2C": {
    "pdb_id": "6BQH",
    "center_x": 32.750116883116874,
    "center_y": 39.093999999999966,
    "center_z": 48.04442857142858,
    "size_x": 20.0,
    "size_y": 20.0,
    "size_z": 20.0
  },
  "5-HT4": {
    "pdb_id": "7XT8",
    "center_x": 103.00361904761911,
    "center_y": 117.8754391534391,
    "center_z": 94.36244973544976,
    "size_x": 20.0,
    "size_y": 20.0,
    "size_z": 20.0
  },
  "5-HT5A": {
    "pdb_id": "7UM5",
    "center_x": 119.99953333333333,
    "center_y": 119.5242,
    "center_z": 144.73233333333332,
    "size_x": 16.28,
    "size_y": 15.0,
    "size_z": 16.700000000000017
  },
  "5-HT6": {
    "pdb_id": "7YS6",
    "center_x": 115.372,
    "center_y": 176.6686923076923,
    "center_z": 137.58992307692307,
    "size_x": 15.0,
    "size_y": 15.449000000000012,
    "size_z": 16.763000000000005
  },
  "5-HT7": {
    "pdb_id": "7XTC",
    "center_x": 99.23716279069768,
    "center_y": 108.4207906976744,
    "center_z": 73.9304186046512,
    "size_x": 20.0,
    "size_y": 18.667,
    "size_z": 20.0
  },
  "A1": {
    "pdb_id": "7LD4",
    "center_x": 87.67210526315789,
    "center_y": 71.001,
    "center_z": 79.67978947368422,
    "size_x": 15.0,
    "size_y": 17.584000000000003,
    "size_z": 15.837999999999994
  },
  "A2A": {
    "pdb_id": "5G53",
    "center_x": -11.106598214285713,
    "center_y": -12.42685714285714,
    "center_z": 10.719830357142866,
    "size_x": 20.0,
    "size_y": 20.0,
    "size_z": 20.0
  },
  "A2B": {
    "pdb_id": "8HDP",
    "center_x": 108.85867175572521,
    "center_y": 99.40777099236635,
    "center_z": 94.86974045801526,
    "size_x": 20.0,
    "size_y": 20.0,
    "size_z": 20.0
  },
  "A3": {
    "pdb_id": "8X16",
    "center_x": 125.03879310344831,
    "center_y": 98.2575172413793,
    "center_z": 81.54117241379312,
    "size_x": 19.15400000000001,
    "size_y": 19.268,
    "size_z": 20.0
  },
  "BLT1": {
    "pdb_id": "7VKT",
    "center_x": 143.91400904977368,
    "center_y": 137.60781900452486,
    "center_z": 115.12821719457018,
    "size_x": 20.0,
    "size_y": 20.0,
    "size_z": 20.0
  },
  "CB1": {
    "pdb_id": "6KPG",
    "center_x": 104.33616129032258,
    "center_y": 145.07264516129035,
    "center_z": 134.00603225806455,
    "size_x": 20.0,
    "size_y": 17.812000000000012,
    "size_z": 18.47999999999999
  },
  "CB2": {
    "pdb_id": "8GUQ",
    "center_x": 134.85934615384613,
    "center_y": 121.06753846153846,
    "center_z": 98.0045,
    "size_x": 19.96599999999998,
    "size_y": 18.191000000000003,
    "size_z": 16.718000000000004
  },
  "CysLT1": {
    "pdb_id": "6RZ4",
    "center_x": 37.202700000000014,
    "center_y": 27.54723529411765,
    "center_z": 45.780594117647034,
    "size_x": 20.0,
    "size_y": 20.0,
    "size_z": 20.0
  },
  "CysLT2": {
    "pdb_id": "2UUI",
    "center_x": 12.155654545454553,
    "center_y": -52.09466363636364,
    "center_z": -26.78628636363638,
    "size_x": 20.0,
    "size_y": 20.0,
    "size_z": 20.0
  },
  "D1": {
    "pdb_id": "7X2C",
    "center_x": 102.34319999999998,
    "center_y": 101.08440000000002,
    "center_z": 76.03761428571427,
    "size_x": 20.0,
    "size_y": 20.0,
    "size_z": 20.0
  },
  "D2": {
    "pdb_id": "8IRS",
    "center_x": 98.87513636363634,
    "center_y": 123.49072727272728,
    "center_z": 122.28440909090908,
    "size_x": 20.0,
    "size_y": 16.271,
    "size_z": 16.897000000000006
  },
  "D3": {
    "pdb_id": "7CMU",
    "center_x": 95.16164285714285,
    "center_y": 119.63907142857143,
    "center_z": 117.35242857142858,
    "size_x": 19.929000000000002,
    "size_y": 15.0,
    "size_z": 15.0
  },
  "D4": {
    "pdb_id": "5WIU",
    "center_x": -14.935890909090906,
    "center_y": 3.31556,
    "center_z": -16.812636363636372,
    "size_x": 20.0,
    "size_y": 20.0,
    "size_z": 20.0
  },
  "D5": {
    "pdb_id": "8IRV",
    "center_x": 104.42715624999998,
    "center_y": 115.883903125,
    "center_z": 91.578434375,
    "size_x": 20.0,
    "size_y": 20.0,
    "size_z": 20.0
  },
  "EP2": {
    "pdb_id": "7CX2",
    "center_x": 83.63060000000002,
    "center_y": 114.56264000000002,
    "center_z": 119.95799999999997,
    "size_x": 20.0,
    "size_y": 17.286999999999992,
    "size_z": 20.0
  },
  "EP3": {
    "pdb_id": "6AK3",
    "center_x": 73.37588732394366,
    "center_y": 44.49842957746475,
    "center_z": 218.4885704225352,
    "size_x": 20.0,
    "size_y": 20.0,
    "size_z": 20.0
  },
  "EP4": {
    "pdb_id": "5YWY",
    "center_x": -43.4541,
    "center_y": -42.08939999999998,
    "center_z": -0.6689,
    "size_x": 18.735999999999997,
    "size_y": 18.256999999999998,
    "size_z": 18.118000000000002
  },
  "FFA1": {
    "pdb_id": "9K1C",
    "center_x": 128.97141666666664,
    "center_y": 122.57366666666671,
    "center_z": 145.062375,
    "size_x": 16.645999999999987,
    "size_y": 17.551000000000002,
    "size_z": 20.0
  },
  "FFA2": {
    "pdb_id": "8J24",
    "center_x": 108.2245,
    "center_y": 115.03175000000002,
    "center_z": 128.64249999999998,
    "size_x": 15.0,
    "size_y": 15.0,
    "size_z": 15.0
  },
  "FFA3": {
    "pdb_id": "8J21",
    "center_x": 109.50366666666666,
    "center_y": 115.05066666666666,
    "center_z": 127.41166666666668,
    "size_x": 15.0,
    "size_y": 15.0,
    "size_z": 15.0
  },
  "FFA4": {
    "pdb_id": "8H4L",
    "center_x": 141.2999166666667,
    "center_y": 144.36866666666666,
    "center_z": 104.04395833333331,
    "size_x": 16.938000000000017,
    "size_y": 16.458,
    "size_z": 20.0
  },
  "FP": {
    "pdb_id": "8XJL",
    "center_x": 94.86536,
    "center_y": 125.04248000000001,
    "center_z": 121.59672000000002,
    "size_x": 20.0,
    "size_y": 18.179999999999993,
    "size_z": 19.201000000000008
  },
  "GPBA": {
    "pdb_id": "7CFM",
    "center_x": 99.594203539823,
    "center_y": 115.49019469026548,
    "center_z": 94.45838053097343,
    "size_x": 20.0,
    "size_y": 20.0,
    "size_z": 20.0
  },
  "GPR119": {
    "pdb_id": "7WCN",
    "center_x": 125.29028571428573,
    "center_y": 119.96997142857144,
    "center_z": 148.7148571428571,
    "size_x": 20.0,
    "size_y": 20.0,
    "size_z": 20.0
  },
  "GPR139": {
    "pdb_id": "7VUG",
    "center_x": 130.03109090909092,
    "center_y": 141.67945454545455,
    "center_z": 145.60095454545456,
    "size_x": 15.0,
    "size_y": 16.477000000000004,
    "size_z": 20.0
  },